"","x"
"1","M"
"2","F"
"3","M"
"4","M"
"5","M"
"6","M"
"7","M"
"8","M"
"9","F"
"10","M"
"11","M"
"12","M"
"13","F"
"14","M"
"15","F"
"16","M"
"17","M"
"18","M"
"19","F"
"20","F"
"21","M"
"22","F"
"23","M"
"24","M"
"25","M"
"26","M"
"27","M"
"28","M"
"29","M"
"30","M"
"31","F"
"32","F"
"33","M"
"34","F"
"35","F"
"36","M"
"37","M"
"38","F"
"39","F"
"40","M"
"41","M"
"42","F"
"43","M"
"44","M"
"45","M"
"46","F"
"47","F"
"48","M"
"49","F"
"50","F"
"51","M"
"52","F"
"53","F"
"54","F"
"55","M"
"56","M"
"57","M"
"58","M"
"59","F"
"60","M"
"61","M"
"62","M"
"63","M"
"64","M"
"65","F"
"66","F"
"67","M"
"68","M"
"69","F"
"70","M"
"71","M"
"72","F"
"73","F"
"74","M"
"75","M"
"76","M"
"77","M"
"78","M"
"79","M"
"80","M"
"81","M"
"82","M"
"83","M"
"84","F"
"85","M"
"86","F"
"87","M"
"88","M"
"89","M"
"90","M"
"91","M"
"92","M"
"93","F"
"94","M"
"95","M"
"96","M"
"97","F"
"98","F"
"99","M"
"100","F"
"101","F"
"102","F"
"103","M"
"104","M"
"105","M"
"106","M"
"107","M"
"108","M"
"109","M"
"110","M"
"111","M"
"112","M"
"113","F"
"114","M"
"115","M"
"116","M"
"117","F"
"118","M"
"119","M"
"120","M"
"121","M"
"122","M"
"123","F"
"124","M"
"125","M"
"126","M"
"127","M"
"128","F"
"129","F"
"130","F"
"131","F"
"132","F"
"133","F"
"134","F"
"135","F"
"136","F"
"137","F"
"138","F"
"139","F"
"140","F"
"141","F"
"142","F"
"143","F"
"144","F"
"145","F"
"146","F"
"147","F"
"148","F"
"149","F"
"150","F"
"151","F"
"152","F"
"153","F"
"154","F"
"155","F"
"156","F"
"157","F"
"158","F"
"159","F"
"160","F"
"161","F"
"162","F"
"163","F"
"164","M"
"165","M"
"166","M"
"167","F"
"168","F"
"169","F"
"170","F"
"171","M"
"172","M"
"173","M"
"174","M"
"175","M"
"176","M"
"177","F"
"178","M"
"179","M"
"180","F"
"181","F"
"182","F"
"183","F"
